StartDate,EndDate,Status,IPAddress,Progress,Duration (in seconds),Finished,RecordedDate,ResponseId,RecipientLastName,RecipientFirstName,RecipientEmail,ExternalReference,LocationLatitude,LocationLongitude,DistributionChannel,UserLanguage,Q7_1,Q7_2,Q7_3,Q7_4,Q27_Browser,Q27_Version,Q27_Operating System,Q27_Resolution,Q15,Q4_1,Q4_2,Q4_3,Q4_4,Q4_5,Q4_6,Q4_7,Q4_8,Q4_9,Q4_10,Q4_11,Q9_1,Q9_2,Q9_3,Q9_4,Q9_5,Q9_6,Q9_7,Q9_8,Q9_9,Q9_10,Q11_1,Q11_2,Q11_3,Q11_4,Q11_5,Q11_6,Q11_7,Q11_8,Q11_9,Q11_10,Q11_11,Q11_12,Q12_1,Q12_2,Q12_3,Q12_4,Q12_5,Q12_6,Q12_7,Q12_8,Q12_9,Q12_10,Q12_11,Q12_12,Q13_1,Q13_2,Q13_3,Q13_4,Q13_5,Q13_6,Q13_7,Q13_8,Q13_9,Q13_10,Q13_11,Q14_1,Q14_2,Q14_3,Q14_4,Q14_5,Q14_6,Q14_7,Q14_8,Q14_9,Q14_10,Q15_1,Q15_2,Q15_3,Q15_4,Q15_5,Q15_6,Q15_7,Q15_8,Q15_9,Q16_1,Q16_2,Q16_3,Q16_4,Q16_5,Q16_6,Q16_7,Q16_8,Q16_9,Q16_10,Q16_11,Q16_12,Q17_1,Q17_2,Q17_3,Q17_4,Q17_5,Q17_6,Q17_7,Q17_8,Q17_9,Q17_10,Q17_11,Q18_1,Q18_2,Q18_3,Q18_4,Q18_5,Q18_6,Q18_7,Q18_8,Q18_9,Q18_10,Q19_1,Q19_2,Q19_3,Q19_4,Q19_5,Q19_6,Q19_7,Q19_8,Q19_9,Q20_1,Q20_2,Q20_3,Q20_4,Q20_5,Q20_6,Q20_7,Q20_8,Q20_9,Q20_10,Q20_11,Q20_12,Q21_1,Q21_2,Q21_3,Q21_4,Q21_5,Q21_6,Q21_7,Q21_8,Q21_9,Q21_10,Q21_11,Q22_1,Q22_2,Q22_3,Q22_4,Q22_5,Q22_6,Q22_7,Q22_8,Q22_9,Q22_10,Q22_11,Q22_12,Q22_13,Q23,Q24,Q25,Q26
Start Date,End Date,Response Type,IP Address,Progress,Duration (in seconds),Finished,Recorded Date,Response ID,Recipient Last Name,Recipient First Name,Recipient Email,External Data Reference,Location Latitude,Location Longitude,Distribution Channel,User Language,Let's do some practice. Please rate the similarity of the animal images on a scale from 0 to 6 - 1,Let's do some practice. Please rate the similarity of the animal images on a scale from 0 to 6 - 2,Let's do some practice. Please rate the similarity of the animal images on a scale from 0 to 6 - 3,Let's do some practice. Please rate the similarity of the animal images on a scale from 0 to 6 - 4,Click to write the question text - Browser,Click to write the question text - Version,Click to write the question text - Operating System,Click to write the question text - Resolution,Practice Trials Complete,Please rate the similarity of the bird images on a scale from 0 to 6. - 1,Please rate the similarity of the bird images on a scale from 0 to 6. - 2,Please rate the similarity of the bird images on a scale from 0 to 6. - 3,Please rate the similarity of the bird images on a scale from 0 to 6. - 4,Please rate the similarity of the bird images on a scale from 0 to 6. - 5,Please rate the similarity of the bird images on a scale from 0 to 6. - 6,Please rate the similarity of the bird images on a scale from 0 to 6. - 7,Please rate the similarity of the bird images on a scale from 0 to 6. - 8,Please rate the similarity of the bird images on a scale from 0 to 6. - 9,Please rate the similarity of the bird images on a scale from 0 to 6. - 10,Please rate the similarity of the bird images on a scale from 0 to 6. - 11,Please rate the similarity of the bird images on a scale from 0 to 6. - 1,Please rate the similarity of the bird images on a scale from 0 to 6. - 2,Please rate the similarity of the bird images on a scale from 0 to 6. - 3,Please rate the similarity of the bird images on a scale from 0 to 6. - 4,Please rate the similarity of the bird images on a scale from 0 to 6. - 5,Please rate the similarity of the bird images on a scale from 0 to 6. - 6,Please rate the similarity of the bird images on a scale from 0 to 6. - 7,Please rate the similarity of the bird images on a scale from 0 to 6. - 8,Please rate the similarity of the bird images on a scale from 0 to 6. - 9,Please rate the similarity of the bird images on a scale from 0 to 6. - 10,Please rate the similarity of the bird images on a scale from 0 to 6. - 1,Please rate the similarity of the bird images on a scale from 0 to 6. - 2,Please rate the similarity of the bird images on a scale from 0 to 6. - 3,Please rate the similarity of the bird images on a scale from 0 to 6. - 4,Please rate the similarity of the bird images on a scale from 0 to 6. - 5,Please rate the similarity of the bird images on a scale from 0 to 6. - 6,Please rate the similarity of the bird images on a scale from 0 to 6. - 7,Please rate the similarity of the bird images on a scale from 0 to 6. - 8,Please rate the similarity of the bird images on a scale from 0 to 6. - 9,Please rate the similarity of the bird images on a scale from 0 to 6. - 10,Please rate the similarity of the bird images on a scale from 0 to 6. - 11,Please rate the similarity of the bird images on a scale from 0 to 6. - 12,Please rate the similarity of the bird images on a scale from 0 to 6. - 1,Please rate the similarity of the bird images on a scale from 0 to 6. - 2,Please rate the similarity of the bird images on a scale from 0 to 6. - 3,Please rate the similarity of the bird images on a scale from 0 to 6. - 4,Please rate the similarity of the bird images on a scale from 0 to 6. - 5,Please rate the similarity of the bird images on a scale from 0 to 6. - 6,Please rate the similarity of the bird images on a scale from 0 to 6. - 7,Please rate the similarity of the bird images on a scale from 0 to 6. - 8,Please rate the similarity of the bird images on a scale from 0 to 6. - 9,Please rate the similarity of the bird images on a scale from 0 to 6. - 10,Please rate the similarity of the bird images on a scale from 0 to 6. - 11,Please rate the similarity of the bird images on a scale from 0 to 6. - 12,Please rate the similarity of the bird images on a scale from 0 to 6. - 1,Please rate the similarity of the bird images on a scale from 0 to 6. - 2,Please rate the similarity of the bird images on a scale from 0 to 6. - 3,Please rate the similarity of the bird images on a scale from 0 to 6. - 4,Please rate the similarity of the bird images on a scale from 0 to 6. - 5,Please rate the similarity of the bird images on a scale from 0 to 6. - 6,Please rate the similarity of the bird images on a scale from 0 to 6. - 7,Please rate the similarity of the bird images on a scale from 0 to 6. - 8,Please rate the similarity of the bird images on a scale from 0 to 6. - 9,Please rate the similarity of the bird images on a scale from 0 to 6. - 10,Please rate the similarity of the bird images on a scale from 0 to 6. - 11,Please rate the similarity of the bird images on a scale from 0 to 6. - 1,Please rate the similarity of the bird images on a scale from 0 to 6. - 2,Please rate the similarity of the bird images on a scale from 0 to 6. - 3,Please rate the similarity of the bird images on a scale from 0 to 6. - 4,Please rate the similarity of the bird images on a scale from 0 to 6. - 5,Please rate the similarity of the bird images on a scale from 0 to 6. - 6,Please rate the similarity of the bird images on a scale from 0 to 6. - 7,Please rate the similarity of the bird images on a scale from 0 to 6. - 8,Please rate the similarity of the bird images on a scale from 0 to 6. - 9,Please rate the similarity of the bird images on a scale from 0 to 6. - 10,Please rate the similarity of the bird images on a scale from 0 to 6. - 1,Please rate the similarity of the bird images on a scale from 0 to 6. - 2,Please rate the similarity of the bird images on a scale from 0 to 6. - 3,Please rate the similarity of the bird images on a scale from 0 to 6. - 4,Please rate the similarity of the bird images on a scale from 0 to 6. - 5,Please rate the similarity of the bird images on a scale from 0 to 6. - 6,Please rate the similarity of the bird images on a scale from 0 to 6. - 7,Please rate the similarity of the bird images on a scale from 0 to 6. - 8,Please rate the similarity of the bird images on a scale from 0 to 6. - 9,Please rate the similarity of the bird images on a scale from 0 to 6. - 1,Please rate the similarity of the bird images on a scale from 0 to 6. - 2,Please rate the similarity of the bird images on a scale from 0 to 6. - 3,Please rate the similarity of the bird images on a scale from 0 to 6. - 4,Please rate the similarity of the bird images on a scale from 0 to 6. - 5,Please rate the similarity of the bird images on a scale from 0 to 6. - 6,Please rate the similarity of the bird images on a scale from 0 to 6. - 7,Please rate the similarity of the bird images on a scale from 0 to 6. - 8,Please rate the similarity of the bird images on a scale from 0 to 6. - 9,Please rate the similarity of the bird images on a scale from 0 to 6. - 10,Please rate the similarity of the bird images on a scale from 0 to 6. - 11,Please rate the similarity of the bird images on a scale from 0 to 6. - 12,Please rate the similarity of the bird images on a scale from 0 to 6. - 1,Please rate the similarity of the bird images on a scale from 0 to 6. - 2,Please rate the similarity of the bird images on a scale from 0 to 6. - 3,Please rate the similarity of the bird images on a scale from 0 to 6. - 4,Please rate the similarity of the bird images on a scale from 0 to 6. - 5,Please rate the similarity of the bird images on a scale from 0 to 6. - 6,Please rate the similarity of the bird images on a scale from 0 to 6. - 7,Please rate the similarity of the bird images on a scale from 0 to 6. - 8,Please rate the similarity of the bird images on a scale from 0 to 6. - 9,Please rate the similarity of the bird images on a scale from 0 to 6. - 10,Please rate the similarity of the bird images on a scale from 0 to 6. - 11,Please rate the similarity of the bird images on a scale from 0 to 6. - 1,Please rate the similarity of the bird images on a scale from 0 to 6. - 2,Please rate the similarity of the bird images on a scale from 0 to 6. - 3,Please rate the similarity of the bird images on a scale from 0 to 6. - 4,Please rate the similarity of the bird images on a scale from 0 to 6. - 5,Please rate the similarity of the bird images on a scale from 0 to 6. - 6,Please rate the similarity of the bird images on a scale from 0 to 6. - 7,Please rate the similarity of the bird images on a scale from 0 to 6. - 8,Please rate the similarity of the bird images on a scale from 0 to 6. - 9,Please rate the similarity of the bird images on a scale from 0 to 6. - 10,Please rate the similarity of the bird images on a scale from 0 to 6. - 1,Please rate the similarity of the bird images on a scale from 0 to 6. - 2,Please rate the similarity of the bird images on a scale from 0 to 6. - 3,Please rate the similarity of the bird images on a scale from 0 to 6. - 4,Please rate the similarity of the bird images on a scale from 0 to 6. - 5,Please rate the similarity of the bird images on a scale from 0 to 6. - 6,Please rate the similarity of the bird images on a scale from 0 to 6. - 7,Please rate the similarity of the bird images on a scale from 0 to 6. - 8,Please rate the similarity of the bird images on a scale from 0 to 6. - 9,Please rate the similarity of the bird images on a scale from 0 to 6. - 1,Please rate the similarity of the bird images on a scale from 0 to 6. - 2,Please rate the similarity of the bird images on a scale from 0 to 6. - 3,Please rate the similarity of the bird images on a scale from 0 to 6. - 4,Please rate the similarity of the bird images on a scale from 0 to 6. - 5,Please rate the similarity of the bird images on a scale from 0 to 6. - 6,Please rate the similarity of the bird images on a scale from 0 to 6. - 7,Please rate the similarity of the bird images on a scale from 0 to 6. - 8,Please rate the similarity of the bird images on a scale from 0 to 6. - 9,Please rate the similarity of the bird images on a scale from 0 to 6. - 10,Please rate the similarity of the bird images on a scale from 0 to 6. - 11,Please rate the similarity of the bird images on a scale from 0 to 6. - 12,Please rate the similarity of the bird images on a scale from 0 to 6. - 1,Please rate the similarity of the bird images on a scale from 0 to 6. - 2,Please rate the similarity of the bird images on a scale from 0 to 6. - 3,Please rate the similarity of the bird images on a scale from 0 to 6. - 4,Please rate the similarity of the bird images on a scale from 0 to 6. - 5,Please rate the similarity of the bird images on a scale from 0 to 6. - 6,Please rate the similarity of the bird images on a scale from 0 to 6. - 7,Please rate the similarity of the bird images on a scale from 0 to 6. - 8,Please rate the similarity of the bird images on a scale from 0 to 6. - 9,Please rate the similarity of the bird images on a scale from 0 to 6. - 10,Please rate the similarity of the bird images on a scale from 0 to 6. - 11,Please rate the similarity of the bird images on a scale from 0 to 6. - 1,Please rate the similarity of the bird images on a scale from 0 to 6. - 2,Please rate the similarity of the bird images on a scale from 0 to 6. - 3,Please rate the similarity of the bird images on a scale from 0 to 6. - 4,Please rate the similarity of the bird images on a scale from 0 to 6. - 5,Please rate the similarity of the bird images on a scale from 0 to 6. - 6,Please rate the similarity of the bird images on a scale from 0 to 6. - 7,Please rate the similarity of the bird images on a scale from 0 to 6. - 8,Please rate the similarity of the bird images on a scale from 0 to 6. - 9,Please rate the similarity of the bird images on a scale from 0 to 6. - 10,Please rate the similarity of the bird images on a scale from 0 to 6. - 11,Please rate the similarity of the bird images on a scale from 0 to 6. - 12,Please rate the similarity of the bird images on a scale from 0 to 6. - 13,How long have you lived in the United States?,What is your gender identity?,What is your age?,How would you best describe yourself?
"{""ImportId"":""startDate"",""timeZone"":""America/Denver""}","{""ImportId"":""endDate"",""timeZone"":""America/Denver""}","{""ImportId"":""status""}","{""ImportId"":""ipAddress""}","{""ImportId"":""progress""}","{""ImportId"":""duration""}","{""ImportId"":""finished""}","{""ImportId"":""recordedDate"",""timeZone"":""America/Denver""}","{""ImportId"":""_recordId""}","{""ImportId"":""recipientLastName""}","{""ImportId"":""recipientFirstName""}","{""ImportId"":""recipientEmail""}","{""ImportId"":""externalDataReference""}","{""ImportId"":""locationLatitude""}","{""ImportId"":""locationLongitude""}","{""ImportId"":""distributionChannel""}","{""ImportId"":""userLanguage""}","{""ImportId"":""QID7_1""}","{""ImportId"":""QID7_2""}","{""ImportId"":""QID7_3""}","{""ImportId"":""QID7_4""}","{""ImportId"":""QID36_BROWSER""}","{""ImportId"":""QID36_VERSION""}","{""ImportId"":""QID36_OS""}","{""ImportId"":""QID36_RESOLUTION""}","{""ImportId"":""QID15""}","{""ImportId"":""QID4_1""}","{""ImportId"":""QID4_2""}","{""ImportId"":""QID4_3""}","{""ImportId"":""QID4_4""}","{""ImportId"":""QID4_5""}","{""ImportId"":""QID4_6""}","{""ImportId"":""QID4_7""}","{""ImportId"":""QID4_8""}","{""ImportId"":""QID4_9""}","{""ImportId"":""QID4_10""}","{""ImportId"":""QID4_11""}","{""ImportId"":""QID16_1""}","{""ImportId"":""QID16_2""}","{""ImportId"":""QID16_3""}","{""ImportId"":""QID16_4""}","{""ImportId"":""QID16_5""}","{""ImportId"":""QID16_6""}","{""ImportId"":""QID16_7""}","{""ImportId"":""QID16_8""}","{""ImportId"":""QID16_9""}","{""ImportId"":""QID16_10""}","{""ImportId"":""QID18_1""}","{""ImportId"":""QID18_2""}","{""ImportId"":""QID18_3""}","{""ImportId"":""QID18_4""}","{""ImportId"":""QID18_5""}","{""ImportId"":""QID18_6""}","{""ImportId"":""QID18_7""}","{""ImportId"":""QID18_8""}","{""ImportId"":""QID18_9""}","{""ImportId"":""QID18_10""}","{""ImportId"":""QID18_11""}","{""ImportId"":""QID18_12""}","{""ImportId"":""QID19_1""}","{""ImportId"":""QID19_2""}","{""ImportId"":""QID19_3""}","{""ImportId"":""QID19_4""}","{""ImportId"":""QID19_5""}","{""ImportId"":""QID19_6""}","{""ImportId"":""QID19_7""}","{""ImportId"":""QID19_8""}","{""ImportId"":""QID19_9""}","{""ImportId"":""QID19_10""}","{""ImportId"":""QID19_11""}","{""ImportId"":""QID19_12""}","{""ImportId"":""QID20_1""}","{""ImportId"":""QID20_2""}","{""ImportId"":""QID20_3""}","{""ImportId"":""QID20_4""}","{""ImportId"":""QID20_5""}","{""ImportId"":""QID20_6""}","{""ImportId"":""QID20_7""}","{""ImportId"":""QID20_8""}","{""ImportId"":""QID20_9""}","{""ImportId"":""QID20_10""}","{""ImportId"":""QID20_11""}","{""ImportId"":""QID21_1""}","{""ImportId"":""QID21_2""}","{""ImportId"":""QID21_3""}","{""ImportId"":""QID21_4""}","{""ImportId"":""QID21_5""}","{""ImportId"":""QID21_6""}","{""ImportId"":""QID21_7""}","{""ImportId"":""QID21_8""}","{""ImportId"":""QID21_9""}","{""ImportId"":""QID21_10""}","{""ImportId"":""QID22_1""}","{""ImportId"":""QID22_2""}","{""ImportId"":""QID22_3""}","{""ImportId"":""QID22_4""}","{""ImportId"":""QID22_5""}","{""ImportId"":""QID22_6""}","{""ImportId"":""QID22_7""}","{""ImportId"":""QID22_8""}","{""ImportId"":""QID22_9""}","{""ImportId"":""QID23_1""}","{""ImportId"":""QID23_2""}","{""ImportId"":""QID23_3""}","{""ImportId"":""QID23_4""}","{""ImportId"":""QID23_5""}","{""ImportId"":""QID23_6""}","{""ImportId"":""QID23_7""}","{""ImportId"":""QID23_8""}","{""ImportId"":""QID23_9""}","{""ImportId"":""QID23_10""}","{""ImportId"":""QID23_11""}","{""ImportId"":""QID23_12""}","{""ImportId"":""QID24_1""}","{""ImportId"":""QID24_2""}","{""ImportId"":""QID24_3""}","{""ImportId"":""QID24_4""}","{""ImportId"":""QID24_5""}","{""ImportId"":""QID24_6""}","{""ImportId"":""QID24_7""}","{""ImportId"":""QID24_8""}","{""ImportId"":""QID24_9""}","{""ImportId"":""QID24_10""}","{""ImportId"":""QID24_11""}","{""ImportId"":""QID25_1""}","{""ImportId"":""QID25_2""}","{""ImportId"":""QID25_3""}","{""ImportId"":""QID25_4""}","{""ImportId"":""QID25_5""}","{""ImportId"":""QID25_6""}","{""ImportId"":""QID25_7""}","{""ImportId"":""QID25_8""}","{""ImportId"":""QID25_9""}","{""ImportId"":""QID25_10""}","{""ImportId"":""QID26_1""}","{""ImportId"":""QID26_2""}","{""ImportId"":""QID26_3""}","{""ImportId"":""QID26_4""}","{""ImportId"":""QID26_5""}","{""ImportId"":""QID26_6""}","{""ImportId"":""QID26_7""}","{""ImportId"":""QID26_8""}","{""ImportId"":""QID26_9""}","{""ImportId"":""QID27_1""}","{""ImportId"":""QID27_2""}","{""ImportId"":""QID27_3""}","{""ImportId"":""QID27_4""}","{""ImportId"":""QID27_5""}","{""ImportId"":""QID27_6""}","{""ImportId"":""QID27_7""}","{""ImportId"":""QID27_8""}","{""ImportId"":""QID27_9""}","{""ImportId"":""QID27_10""}","{""ImportId"":""QID27_11""}","{""ImportId"":""QID27_12""}","{""ImportId"":""QID28_1""}","{""ImportId"":""QID28_2""}","{""ImportId"":""QID28_3""}","{""ImportId"":""QID28_4""}","{""ImportId"":""QID28_5""}","{""ImportId"":""QID28_6""}","{""ImportId"":""QID28_7""}","{""ImportId"":""QID28_8""}","{""ImportId"":""QID28_9""}","{""ImportId"":""QID28_10""}","{""ImportId"":""QID28_11""}","{""ImportId"":""QID29_1""}","{""ImportId"":""QID29_2""}","{""ImportId"":""QID29_3""}","{""ImportId"":""QID29_4""}","{""ImportId"":""QID29_5""}","{""ImportId"":""QID29_6""}","{""ImportId"":""QID29_7""}","{""ImportId"":""QID29_8""}","{""ImportId"":""QID29_9""}","{""ImportId"":""QID29_10""}","{""ImportId"":""QID29_11""}","{""ImportId"":""QID29_12""}","{""ImportId"":""QID29_13""}","{""ImportId"":""QID30""}","{""ImportId"":""QID31""}","{""ImportId"":""QID32""}","{""ImportId"":""QID33""}"
,,,,,,,,,,,,,,,,,,,,,,,,,,,,,,,,,,,,,,,,,,,,,,,,,,,,,,,,,,,,,,,,,,,,,,,,,,,,,,,,,,,,,,,,,,,,,,,,,,,,,,,,,,,,,,,,,,,,,,,,,,,,,,,,,,,,,,,,,,,,,,,,,,,,,,,,,,,,,,,,,,,,,,,,,,,,,,,,,,,,,,
,,,,,,,,,,,,,,,,,,,,,,,,,PHOTO 1,bl,bl,bl,bl,bl,bl,bl,bl,bl,bl,bl,bl,bl,bl,bl,bl,bl,bl,bl,bl,bl,bl,bl,bl,bl,bl,bl,bl,bl,bl,bl,bl,bl,bl,bl,bl,bl,bl,bl,bl,bl,bl,bl,bl,bl,bl,bl,bl,hw,hw,hw,hw,hw,hw,hw,hw,hw,hw,hw,hw,hw,hw,hw,hw,hw,hw,hw,hw,hw,hw,hw,hw,hw,hw,hw,hw,hw,hw,hw,hw,hw,hw,hw,hw,hw,hw,hw,ib,ib,ib,ib,ib,ib,ib,ib,ib,ib,ib,ib,ib,ib,ib,ib,ib,ib,ib,ib,ib,ib,ib,ib,ib,ib,ib,ib,ib,ib,mw,mw,mw,mw,mw,mw,mw,mw,mw,mw,mw,mw,mw,mw,mw,mw,mw,mw,mw,mw,mw,pb,pb,pb,pb,pb,pb,pb,pb,pb,pb,pb,pb,sc,sc,sc,,,,
,,,,,,,,,,,,,,,,,,,,,,,,,PHOTO 2, bl, bl, hw, hw, hw, ib, ib, ib, mw, mw, mw, pb, pb, pb, sc, sc, sc, bl, hw, hw, hw, ib, ib, ib, mw, mw, mw, pb, pb, pb, sc, sc, sc, hw, hw, hw, ib, ib, ib, mw, mw, mw, pb, pb, pb, sc, sc, sc, hw, hw, ib, ib, ib, mw, mw, mw, pb, pb, pb, sc, sc, sc, hw, ib, ib, ib, mw, mw, mw, pb, pb, pb, sc, sc, sc, ib, ib, ib, mw, mw, mw, pb, pb, pb, sc, sc, sc, ib, ib, mw, mw, mw, pb, pb, pb, sc, sc, sc, ib, mw, mw, mw, pb, pb, pb, sc, sc, sc, mw, mw, mw, pb, pb, pb, sc, sc, sc, mw, mw, pb, pb, pb, sc, sc, sc, mw, pb, pb, pb, sc, sc, sc, pb, pb, pb, sc, sc, sc, pb, pb, sc, sc, sc, pb, sc, sc, sc, sc, sc, sc, sc, sc, sc,,,,
,,,,,,,,,,,,,,,,,,,,,,,,,Average Rating:,3.709090909,3.509090909,1.018181818,1.327272727,2.363636364,1.363636364,1.109090909,1.927272727,1.490909091,1.472727273,1.418181818,1.745454545,1.581818182,1.563636364,3.963636364,3.836363636,3.890909091,5.254545455,1.836363636,2.163636364,2.090909091,1.690909091,1.8,1.727272727,2.254545455,2.636363636,1.945454545,1.490909091,1.527272727,1.690909091,3.727272727,3.563636364,3.436363636,1.363636364,1.509090909,1.709090909,1.836363636,1.4,1.763636364,2.181818182,2.109090909,2.036363636,1.581818182,1.2,1.363636364,3.036363636,3.654545455,3.727272727,4.945454545,4.309090909,2.418181818,2.309090909,2.145454545,2.690909091,2.472727273,2.145454545,2.309090909,2.163636364,2.163636364,1.527272727,1.890909091,1.472727273,4.872727273,2.218181818,2.309090909,2.054545455,2.654545455,2.672727273,2.4,2.2,2.054545455,2.054545455,1.818181818,2.036363636,1.690909091,1.545454545,1.654545455,2.272727273,2.345454545,2.745454545,2.545454545,1.781818182,2.036363636,1.963636364,2.254545455,1.836363636,1.636363636,4.509090909,4.454545455,2.272727273,2.036363636,1.527272727,2.945454545,2.709090909,2.690909091,1.927272727,2.418181818,2.054545455,4.018181818,2.090909091,2.236363636,1.963636364,2.690909091,2.745454545,3.036363636,2.018181818,1.981818182,1.727272727,1.618181818,1.963636364,2.036363636,2.654545455,3.145454545,2.818181818,2.181818182,1.709090909,1.418181818,4.709090909,4.381818182,2.418181818,2,2.236363636,1.981818182,2.472727273,2.109090909,4.236363636,2.163636364,2.090909091,2.327272727,1.854545455,1.945454545,1.654545455,1.563636364,1.927272727,1.709090909,2.272727273,2,1.727272727,4.836363636,4.327272727,1.545454545,1.836363636,1.745454545,4.181818182,1.981818182,1.527272727,1.072727273,1.581818182,1.672727273,1.509090909,4.127272727,3.945454545,4.290909091,I have never lived in the United States,Male,18-24,American Indian or Alaska Native
5/1/21 17:05,5/1/21 17:11,IP Address,100.35.238.151,100,359,TRUE,5/1/21 17:11,R_1OvtQABQZDg1k6z,,,,,40.71820068,-74.04759979,anonymous,EN,3,0,0,1,Safari iPhone,14.0.3,iPhone,375x667,,4,4,1,2,2,2,2,1,1,1,1,2,3,3,4,4,4,6,4,3,3,4,2,2,2,3,2,2,3,3,4,4,4,2,2,2,2,2,3,3,2,2,2,2,2,4,5,5,6,6,4,3,3,3,3,3,2,3,2,2,2,2,3,3,2,2,3,3,3,2,2,2,2,1,1,3,2,3,4,4,3,2,2,2,2,2,2,5,4,2,1,0,3,3,3,1,2,2,3,2,2,1,1,3,2,1,1,0,2,1,1,2,3,4,3,2,2,4,4,2,2,2,2,1,1,5,1,1,1,2,1,2,2,2,2,2,2,2,4,5,1,1,1,5,1,2,2,2,2,2,4,5,5,0-3 years,Female,18-24,Asian
5/1/21 17:05,5/1/21 17:22,IP Address,173.68.94.97,100,965,TRUE,5/1/21 17:22,R_24f7rK03y4LqimZ,,,,,40.75030518,-74.00140381,anonymous,EN,5,0,0,0,Chrome,90.0.4430.85,Macintosh,1440x900,I understand. Let's start the experiment!,6,6,1,3,4,2,2,2,2,1,2,1,2,1,5,6,5,6,2,2,3,3,3,2,4,4,3,2,3,3,5,5,5,3,2,2,1,2,2,3,3,3,2,2,2,5,5,5,6,6,2,2,3,3,1,1,3,3,3,2,2,2,6,2,3,3,3,3,2,2,2,2,3,3,2,2,2,3,2,4,2,3,3,3,2,2,2,6,6,3,3,2,4,4,4,2,2,2,5,3,4,4,2,2,2,2,2,2,2,3,1,3,4,4,3,2,1,5,6,2,2,2,3,5,6,2,2,3,2,2,3,2,4,4,2,4,2,3,6,6,2,3,4,6,2,2,1,3,2,3,6,6,5,I have lived in the United States my whole life,Female,25-34,Asian
5/1/21 17:13,5/1/21 17:25,IP Address,100.35.238.151,100,669,TRUE,5/1/21 17:25,R_2QE8OpVKXpPEtrR,,,,,40.71820068,-74.04759979,anonymous,EN,4,1,3,1,Chrome,90.0.4430.93,Windows NT 10.0,1920x1080,,2,1,1,2,3,1,1,4,2,2,2,2,3,2,4,3,3,4,3,3,1,3,3,1,3,3,1,2,0,2,1,1,3,3,2,1,2,2,0,1,0,0,1,0,1,1,2,1,4,2,1,2,1,0,1,0,4,3,3,0,1,1,2,1,1,0,3,4,2,2,1,3,0,1,1,0,0,1,1,1,2,1,1,1,1,0,0,5,3,2,2,1,1,1,1,0,0,0,3,2,2,2,2,2,3,2,1,1,0,1,1,0,1,0,0,0,0,2,1,2,1,1,0,1,1,1,1,1,2,0,1,1,0,1,0,0,0,0,2,1,0,1,1,1,0,0,0,0,1,1,0,0,3,6+ years but not my whole life,Male,25-34,Asian
5/1/21 17:35,5/1/21 17:45,IP Address,204.194.188.44,100,578,TRUE,5/1/21 17:45,R_28C06t1TFwRMami,,,,,40.71820068,-74.04759979,anonymous,EN,4,1,2,1,Chrome,90.0.4430.93,Macintosh,1440x900,,5,5,2,2,2,2,2,2,2,2,2,1,1,1,4,4,4,5,2,2,2,2,2,2,2,2,2,1,1,1,4,4,4,2,2,2,2,2,2,2,2,2,1,1,1,4,4,4,5,5,2,2,2,2,2,2,2,2,2,2,2,2,5,2,2,2,3,3,3,2,2,2,2,2,2,2,2,2,3,3,3,2,2,2,2,2,2,5,5,2,2,2,3,3,3,2,2,2,5,2,2,2,3,3,3,2,2,2,2,2,2,3,3,3,2,2,2,5,5,2,2,2,2,2,2,5,2,2,2,2,2,2,2,2,2,2,2,2,2,2,2,2,2,5,2,2,2,2,2,2,5,4,4,6+ years but not my whole life,Male,25-34,White
5/1/21 17:44,5/1/21 17:52,IP Address,68.175.69.60,100,497,TRUE,5/1/21 17:52,R_2SC7Nw9yvpEhXkK,,,,,40.73649597,-74.00550079,anonymous,EN,4,2,3,2,Safari iPhone,14.0.3,iPhone,375x667,,4,2,2,2,3,1,1,2,2,2,2,2,2,2,5,4,5,4,1,2,2,2,2,2,2,2,3,2,2,2,5,4,4,1,3,3,3,2,2,3,4,4,2,2,2,3,4,4,6,5,2,2,2,3,3,3,2,2,2,3,1,1,5,2,1,2,3,3,2,2,2,2,3,2,2,1,1,2,1,2,3,1,1,2,2,2,1,4,5,2,2,2,3,3,3,2,2,2,4,3,2,2,3,3,3,2,2,1,2,2,2,3,3,2,2,1,2,5,4,3,2,3,2,2,2,4,2,2,3,2,2,1,2,2,2,2,1,1,6,5,1,1,1,5,3,1,1,3,2,1,4,4,5,6+ years but not my whole life,Male,25-34,White
5/1/21 17:36,5/1/21 18:00,IP Address,100.8.209.177,100,1406,TRUE,5/1/21 18:00,R_1EYEIlzcGOyP9wU,,,,,40.74240112,-74.03250122,anonymous,EN,3,0,2,1,Safari iPhone,14.0.3,iPhone,375x812,I understand. Let's start the experiment!,4,5,2,2,2,1,1,1,2,2,2,1,1,1,4,4,4,6,2,2,2,1,1,1,3,2,2,1,1,1,3,3,3,1,1,1,1,1,1,3,3,3,1,1,1,3,3,3,1,1,1,1,1,3,3,3,1,1,1,3,3,3,6,1,1,1,3,2,2,1,1,1,2,2,1,1,1,1,2,2,2,1,1,1,2,2,0,5,5,1,1,1,2,2,2,1,1,1,4,2,2,2,3,3,3,2,2,0,1,1,1,3,3,2,2,2,0,6,6,1,1,1,1,1,0,5,2,2,1,3,1,0,1,1,1,1,1,0,6,6,0,0,0,6,1,0,0,1,1,0,5,3,1,6+ years but not my whole life,Female,25-34,Asian
5/1/21 17:50,5/1/21 18:02,IP Address,185.212.58.171,100,719,TRUE,5/1/21 18:02,R_79ZsDz5E8aktxbH,,,,,34.68510437,135.5136108,anonymous,EN,4,1,2,3,Safari iPhone,Unknown,iPhone,390x844,,2,6,3,2,3,2,0,3,0,0,0,2,3,1,4,5,4,6,2,2,2,0,1,3,3,4,2,1,1,0,3,3,2,1,1,1,2,1,3,1,0,0,1,1,1,3,3,5,6,6,4,4,4,3,3,3,2,1,2,3,4,1,6,4,4,3,2,2,2,3,3,3,4,4,3,0,0,2,3,3,3,3,3,1,3,4,1,5,5,2,1,1,3,3,3,3,4,4,6,2,2,1,3,3,3,3,4,2,1,1,1,3,2,2,3,4,2,6,6,2,1,1,2,1,1,6,2,2,1,0,1,0,1,1,1,1,1,1,6,6,1,1,2,6,3,1,1,1,2,1,6,5,5,I have never lived in the United States,Female,18-24,Asian
5/1/21 18:09,5/1/21 18:17,IP Address,115.171.6.18,100,505,TRUE,5/1/21 18:17,R_1l6J1VwXnv9302S,,,,,39.92849731,116.3850098,anonymous,EN,1,0,1,0,Safari iPhone,Unknown,iPhone,375x667,,3,4,1,1,3,1,1,2,4,2,1,2,1,3,4,6,2,6,4,4,4,2,2,5,2,5,3,5,4,6,4,3,3,2,3,5,3,4,5,3,2,5,5,2,4,2,3,2,6,6,4,5,5,4,3,4,3,2,4,4,4,4,4,3,3,3,4,3,5,4,4,4,4,3,3,4,3,2,4,5,4,5,3,5,4,3,3,4,3,3,3,4,4,4,5,6,4,3,4,4,4,5,3,3,4,5,5,3,4,5,5,5,5,5,4,3,2,3,3,4,5,5,5,4,5,3,5,3,2,1,5,0,2,2,3,3,4,5,5,3,4,4,4,4,4,5,4,3,4,3,4,4,3,I have never lived in the United States,Female,18-24,Asian
5/1/21 17:57,5/1/21 18:18,IP Address,173.49.251.147,100,1304,TRUE,5/1/21 18:18,R_pbiyRZKzGKlS425,,,,,39.98100281,-75.16989899,anonymous,EN,3,0,1,0,Chrome,90.0.4430.95,Android 11,393x808,I understand. Let's start the experiment!,4,3,1,2,3,1,1,5,1,1,3,2,3,3,2,2,3,5,2,3,4,2,4,3,2,2,1,1,1,3,2,3,3,1,2,1,3,2,2,2,3,1,0,0,1,2,3,3,3,2,3,2,1,2,1,0,1,0,1,0,2,2,5,3,4,2,3,3,4,3,2,2,1,3,3,1,2,4,2,3,3,1,3,2,3,2,1,4,3,3,2,1,4,2,3,1,4,3,2,1,2,2,2,1,2,1,0,1,0,1,2,1,3,2,4,1,0,4,3,3,2,3,2,3,3,4,3,2,3,1,3,3,3,4,2,2,3,2,5,4,2,3,3,3,3,2,2,1,1,1,2,2,3,0-3 years,Male,25-34,"White,Other"
5/1/21 18:15,5/1/21 18:22,IP Address,210.129.14.185,100,456,TRUE,5/1/21 18:22,R_2crrfD9zJPYLtyp,,,,,35.68969727,139.6895142,anonymous,EN,2,0,0,0,Safari iPhone,Unknown,iPhone,414x896,,3,3,0,0,0,0,0,0,0,0,0,0,0,0,0,1,1,5,0,0,0,0,0,0,0,0,0,0,0,0,1,1,0,0,0,0,0,0,0,0,0,0,0,0,0,0,1,0,4,4,0,0,0,0,0,0,0,0,0,0,0,0,4,0,0,0,0,0,0,0,0,0,0,0,0,0,0,0,0,1,1,0,0,0,0,0,0,5,5,0,0,0,0,0,0,0,0,0,4,0,0,0,0,0,0,0,0,0,0,0,0,0,0,0,0,0,0,4,4,0,0,0,0,0,0,4,0,0,0,0,0,0,0,0,0,0,0,0,5,5,0,0,0,5,0,0,0,0,0,0,4,5,4,I have never lived in the United States,Male,25-34,Asian
5/1/21 18:42,5/1/21 18:53,IP Address,68.129.175.191,100,637,TRUE,5/1/21 18:53,R_10MAxOySqDIsgWx,,,,,40.76300049,-73.99259949,anonymous,EN,6,3,4,3,Safari iPhone,14.0.3,iPhone,414x736,,6,6,2,3,2,2,1,4,2,4,2,2,2,2,4,4,4,6,2,2,2,2,2,2,2,2,2,2,2,2,4,4,4,2,2,2,2,2,2,2,2,2,2,2,2,4,4,4,6,5,3,3,2,3,3,3,2,2,2,2,2,2,6,2,2,2,3,3,3,3,2,2,2,3,3,2,2,2,2,2,2,2,2,2,2,2,2,5,5,2,2,2,4,4,4,2,2,2,5,2,2,2,2,2,3,2,2,2,2,2,2,3,3,4,2,2,2,6,6,2,2,2,2,2,2,6,2,2,2,2,2,2,2,2,2,2,2,2,6,6,2,2,2,6,2,2,2,2,2,2,6,6,6,I have lived in the United States my whole life,Male,18-24,Asian
5/1/21 18:59,5/1/21 19:09,IP Address,173.71.162.234,100,588,TRUE,5/1/21 19:09,R_3HIhrvrXNCSPDcJ,,,,,40.47520447,-79.95279694,anonymous,EN,4,0,2,0,Chrome,86.0.4240.75,Linux x86_64,1920x1080,,5,1,2,0,2,0,1,1,2,1,2,2,2,4,5,5,5,6,1,2,2,1,1,1,2,2,1,1,1,1,4,5,4,2,4,2,2,2,2,3,3,3,2,2,2,4,4,4,6,5,4,4,3,2,1,2,2,2,1,1,1,1,5,2,3,4,3,1,2,1,1,1,1,1,1,2,3,4,2,2,1,1,1,1,3,3,3,6,6,3,2,2,2,4,4,3,2,2,5,4,3,3,3,3,2,3,3,2,2,2,2,3,3,2,3,2,2,6,5,3,3,3,2,2,2,6,1,1,2,2,2,2,1,1,1,2,2,2,6,4,3,3,3,5,2,2,2,1,1,1,5,6,5,0-3 years,Male,18-24,Asian
5/1/21 19:04,5/1/21 19:32,IP Address,112.231.37.244,100,1690,TRUE,5/1/21 19:32,R_3iqhGiJb6SShjrU,,,,,36.66830444,116.9971924,anonymous,EN,4,1,0,1,Chrome,77.0.3865.120,Android 10,360x780,,4,5,2,1,3,2,1,2,3,2,1,4,3,3,4,4,6,5,3,2,2,2,2,3,1,2,2,1,1,1,4,3,2,1,1,2,2,1,2,1,1,2,1,2,1,4,3,3,5,4,3,2,2,3,2,3,2,1,2,1,2,1,6,3,2,2,3,4,4,2,3,2,2,1,1,3,1,2,3,3,4,2,2,1,2,1,1,3,4,3,2,3,3,4,2,4,4,3,2,1,2,1,1,2,4,2,3,1,2,3,3,2,4,1,4,2,1,4,5,3,3,2,2,4,3,5,2,3,1,4,3,1,1,2,1,3,2,1,4,2,3,2,2,2,3,2,1,1,2,1,3,2,4,I have never lived in the United States,Female,18-24,Asian
5/1/21 20:24,5/1/21 20:31,IP Address,124.123.104.78,100,421,TRUE,5/1/21 20:31,R_21BV5cCGcREMBQe,,,,,12.96339417,77.58551025,anonymous,EN,5,0,1,1,Chrome,90.0.4430.91,Android 10,412x869,,4,3,1,1,4,1,1,2,1,2,1,2,2,2,4,4,4,6,2,3,3,1,1,3,2,2,2,1,1,1,4,4,5,1,3,3,3,3,3,4,1,3,1,1,1,5,5,5,6,6,2,2,2,1,1,1,2,2,2,0,1,0,5,2,3,2,1,1,1,3,3,3,3,3,1,2,2,3,3,3,3,4,4,4,2,2,2,5,5,2,2,2,4,4,4,1,1,1,4,1,3,3,2,2,2,1,1,1,3,3,3,4,4,4,1,1,1,5,5,3,3,3,3,2,2,6,2,2,2,1,1,1,3,3,3,1,2,2,6,6,1,3,1,6,2,2,1,1,2,1,5,5,5,I have never lived in the United States,Female,18-24,Asian
5/1/21 21:31,5/1/21 21:41,IP Address,67.245.27.5,100,640,TRUE,5/1/21 21:41,R_10xzHNNH2i6Fnm2,,,,,40.73590088,-73.99040222,anonymous,EN,4,0,1,1,Safari,14,Macintosh,1440x900,,5,6,1,2,2,3,2,3,2,2,3,2,2,3,6,6,5,6,1,2,3,2,2,2,4,3,3,2,2,3,5,5,5,3,2,2,2,2,3,4,4,4,2,2,3,6,6,6,4,3,3,3,3,2,2,2,3,3,3,2,2,2,6,1,1,3,5,5,5,3,3,3,2,2,2,3,3,3,4,4,4,2,2,2,1,2,2,6,6,3,3,3,4,4,4,5,5,5,6,3,3,3,5,5,5,2,2,2,2,2,2,3,3,3,2,2,2,6,6,4,4,4,5,5,5,5,3,3,3,3,3,3,3,3,3,4,4,4,6,6,2,2,2,4,2,2,2,2,2,2,6,6,6,0-3 years,Female,25-34,Asian
5/1/21 22:22,5/1/21 22:28,IP Address,100.1.44.163,100,403,TRUE,5/1/21 22:28,R_eX6XrMCTabbCynT,,,,,40.84919739,-73.97350311,anonymous,EN,4,0,2,0,Chrome,90.0.4430.91,Android 9,360x720,I understand. Let's start the experiment!,4,4,1,0,2,0,2,3,2,3,2,3,1,0,4,5,4,6,0,0,3,0,0,0,0,0,0,0,0,0,4,5,4,0,0,2,0,0,0,2,1,2,0,0,0,4,5,5,6,6,2,1,1,4,3,3,1,1,1,0,1,1,6,2,1,1,3,3,3,1,1,1,1,0,1,0,1,0,3,3,3,0,0,1,4,4,3,6,6,2,2,2,4,4,3,2,1,1,5,1,1,1,4,4,4,1,1,1,0,0,0,4,4,3,0,1,1,6,5,2,1,1,1,1,1,5,0,1,0,2,2,1,1,0,0,4,3,3,5,6,1,0,0,5,0,0,0,0,0,1,5,6,6,6+ years but not my whole life,Male,18-24,Asian
5/1/21 22:29,5/1/21 22:37,IP Address,62.166.177.253,100,429,TRUE,5/1/21 22:37,R_OJ9i41UPfKXZTON,,,,,51.92810059,4.505203247,anonymous,EN,5,0,3,2,Chrome,78.0.3904.62,Android 10,400x867,I understand. Let's start the experiment!,3,5,1,1,2,1,1,1,2,2,3,1,1,3,5,5,5,6,2,1,2,1,1,1,3,2,3,1,1,3,5,5,5,1,1,1,1,1,1,3,2,3,1,1,1,4,5,5,6,5,1,1,1,2,2,1,2,2,3,1,1,1,6,1,1,1,3,4,1,1,2,1,0,0,0,1,1,1,2,3,2,1,1,1,1,0,0,5,5,2,1,1,3,3,2,0,1,1,5,2,1,1,3,2,3,1,1,1,1,1,1,3,4,3,1,1,1,5,5,2,1,3,1,2,2,5,1,1,2,2,1,1,1,1,1,3,3,3,6,6,1,1,1,5,1,1,1,1,1,1,6,5,5,I have never lived in the United States,Non-binary / third gender,18-24,Asian
5/1/21 17:17,5/1/21 23:25,IP Address,73.194.119.116,100,22068,TRUE,5/1/21 23:25,R_2dAffR9WLgAK8u1,,,,,40.73399353,-74.07119751,anonymous,EN,3,0,3,0,Safari,14.0.3,Macintosh,375x812,I understand. Let's start the experiment!,0,3,0,0,0,0,1,0,0,0,1,0,0,0,4,4,4,6,0,0,0,0,0,0,3,2,2,0,0,0,3,3,0,0,0,0,0,0,0,2,2,1,0,0,0,2,1,1,6,5,1,1,1,0,0,0,0,0,0,0,0,0,6,1,1,1,1,1,1,0,0,1,0,0,0,1,0,0,0,0,0,0,0,0,0,0,0,6,6,2,1,0,0,0,2,0,0,0,4,1,1,1,1,1,1,0,0,0,0,0,0,3,2,2,1,0,0,5,5,0,0,1,1,1,0,5,0,0,2,0,0,0,0,0,0,0,0,0,6,5,1,0,0,5,0,1,0,1,1,1,5,5,5,0-3 years,Male,18-24,Asian
5/1/21 23:06,5/1/21 23:25,IP Address,103.224.32.237,100,1129,TRUE,5/1/21 23:25,R_pnKFUJhDXcu5Bi9,,,,,11.01420593,76.99411011,anonymous,EN,1,0,0,0,Chrome,90.0.4430.91,Android 9,412x892,,1,1,1,1,0,1,1,2,1,1,1,2,1,0,4,4,4,6,4,4,4,4,5,5,3,5,3,1,4,2,5,5,5,3,3,6,3,2,5,1,2,2,4,4,4,5,6,6,6,6,5,5,5,5,5,5,5,5,5,5,5,3,6,6,6,6,6,6,5,5,5,5,6,6,5,5,5,6,5,5,5,5,5,5,6,6,5,6,6,5,5,5,5,5,5,6,6,6,6,5,5,5,6,6,6,6,5,5,5,5,5,5,5,5,6,6,5,6,6,6,5,6,6,5,4,6,5,6,6,5,5,5,5,5,5,5,5,3,6,6,5,5,3,6,4,4,4,4,4,3,5,4,4,I have never lived in the United States,Female,18-24,Asian
5/2/21 2:59,5/2/21 3:18,IP Address,45.251.35.26,100,1124,TRUE,5/2/21 3:18,R_2s0cbEirw7PBrYf,,,,,12.89959717,80.22088623,anonymous,EN,2,0,1,0,Chrome,90.0.4430.91,Android 10,393x817,,3,1,1,0,3,0,0,2,0,1,3,1,1,1,4,3,3,5,2,3,4,2,3,2,2,3,2,2,1,2,3,4,5,2,0,0,3,2,2,4,0,0,4,3,0,2,4,4,3,2,2,0,0,2,1,0,3,2,1,1,2,1,3,2,3,2,2,1,2,2,1,1,1,3,2,0,1,3,1,2,2,0,1,1,3,0,1,3,1,1,1,0,3,2,1,1,2,2,3,0,2,1,3,2,3,2,2,2,0,1,3,1,2,3,2,1,1,2,2,1,0,1,0,1,1,3,1,0,3,0,1,1,0,1,2,1,1,0,5,3,1,1,2,3,0,0,0,0,1,1,2,2,3,I have never lived in the United States,Male,18-24,Other
5/2/21 8:32,5/2/21 8:43,IP Address,37.201.51.145,100,703,TRUE,5/2/21 8:43,R_dilfMqmNPBZyT4Z,,,,,48.69729614,8.129699707,anonymous,EN,3,0,0,0,Firefox,68,Android 10,360x692,,6,6,0,2,2,0,0,0,1,1,1,0,0,0,5,5,4,6,1,3,2,0,0,0,4,3,2,0,0,0,5,5,4,1,2,2,0,0,2,4,3,4,0,0,0,5,5,5,6,6,1,1,1,3,3,3,3,4,4,0,0,0,6,1,1,1,4,4,4,1,1,1,0,0,0,1,1,1,4,4,4,0,0,0,1,0,0,6,6,1,1,1,4,4,4,2,3,1,6,2,1,0,5,5,6,0,0,0,0,0,0,4,5,6,0,0,0,6,6,0,0,1,1,1,1,6,2,3,3,3,3,2,1,1,1,1,1,1,6,6,0,0,0,6,0,0,0,0,0,0,6,6,6,I have never lived in the United States,Male,25-34,Asian
5/2/21 8:50,5/2/21 8:59,IP Address,24.188.101.222,100,571,TRUE,5/2/21 8:59,R_1pnaXqWe7NjX2bp,,,,,40.66270447,-73.9138031,anonymous,EN,4,1,2,2,Chrome,89.0.4389.128,Macintosh,2560x1440,,5,5,3,2,3,2,2,2,3,3,2,1,1,2,5,5,5,6,2,2,3,1,1,1,2,2,2,1,1,2,5,5,5,1,1,3,3,2,2,4,4,4,1,1,2,4,4,4,6,5,3,3,3,4,4,4,5,5,2,5,5,5,3,4,4,4,5,5,5,3,3,3,2,2,2,3,3,3,4,4,4,2,2,3,1,1,1,5,6,2,2,3,3,3,2,1,1,1,6,1,1,1,3,3,2,1,1,1,2,2,2,4,4,3,1,1,1,5,6,2,2,3,1,1,1,6,2,2,3,1,1,1,2,2,3,1,1,1,2,3,1,1,1,5,1,2,1,3,3,3,5,5,5,I have lived in the United States my whole life,Male,25-34,Other
5/2/21 11:30,5/2/21 11:36,IP Address,71.187.201.133,100,368,TRUE,5/2/21 11:36,R_28TJyT8jWNG27IZ,,,,,40.74240112,-74.03250122,anonymous,EN,5,0,0,2,Chrome,89.0.4389.128,Macintosh,1920x1080,I understand. Let's start the experiment!,6,4,0,1,2,1,1,1,3,2,2,1,1,5,5,5,5,6,2,1,1,1,1,1,3,4,3,1,1,5,5,5,5,3,3,3,1,1,1,3,3,3,1,1,1,5,5,5,6,5,1,1,1,3,2,2,2,1,1,1,1,1,6,1,1,1,3,3,2,1,1,1,0,0,0,0,0,0,3,3,3,1,1,1,1,1,1,5,5,1,1,1,4,4,3,1,1,1,5,1,1,1,2,2,2,1,1,1,0,0,3,3,3,2,1,1,1,5,5,1,1,1,3,3,3,5,1,1,1,1,1,1,1,1,1,4,2,2,6,4,1,1,1,3,1,1,1,1,1,1,6,6,5,3-6 years,Female,18-24,Asian
5/2/21 12:49,5/2/21 13:00,IP Address,131.111.5.181,100,683,TRUE,5/2/21 13:00,R_3kNFaLUScs6458w,,,,,52.19290161,0.125595093,anonymous,EN,2,0,2,3,Safari iPhone,14.0.3,iPhone,414x896,,4,5,1,2,3,2,2,2,3,1,2,2,0,2,3,3,4,5,2,2,2,2,2,2,3,3,3,3,3,3,4,4,4,2,2,3,4,3,3,4,4,4,4,4,4,4,4,4,4,4,2,2,2,4,3,4,3,3,3,0,0,0,6,3,3,3,2,2,2,1,1,1,3,3,3,3,3,3,4,4,4,3,2,2,3,3,3,4,4,2,2,2,1,1,1,4,4,4,3,3,3,3,4,4,4,4,4,4,1,1,1,4,4,4,5,5,5,5,5,2,2,2,3,3,3,5,3,3,3,2,3,4,2,2,2,2,2,2,5,5,2,2,2,2,2,2,2,2,2,2,5,4,4,I have never lived in the United States,Male,25-34,Asian
5/2/21 13:39,5/2/21 13:42,IP Address,67.245.27.5,100,200,TRUE,5/2/21 13:42,R_1FkrQ7fZAchVfe5,,,,,40.73590088,-73.99040222,anonymous,EN,3,1,2,1,Chrome,90.0.4430.93,Windows NT 10.0,2560x1440,I understand. Let's start the experiment!,4,1,1,1,1,3,1,2,1,1,1,3,3,3,2,3,3,3,3,2,2,2,2,2,2,4,3,2,2,1,2,5,5,2,2,2,2,2,2,2,2,2,2,2,2,2,4,4,5,1,5,5,5,4,5,5,5,5,5,2,4,4,2,4,4,4,4,4,4,4,4,4,2,4,4,2,2,2,4,2,2,2,2,2,2,5,5,4,4,4,4,4,4,4,4,2,3,3,5,5,5,5,5,5,5,1,2,2,5,5,5,5,5,5,2,2,2,3,3,3,3,3,4,4,4,5,5,5,5,2,3,3,4,4,4,2,2,2,4,4,2,2,2,5,5,2,2,1,1,5,1,1,6,0-3 years,Male,25-34,Asian
5/2/21 15:19,5/2/21 15:30,IP Address,216.165.95.86,100,631,TRUE,5/2/21 15:30,R_7ZL2LvTsJS8t8tP,,,,,40.73590088,-73.99040222,anonymous,EN,4,2,2,1,Chrome,90.0.4430.85,Macintosh,1920x1080,,1,3,1,1,1,1,1,1,1,1,1,1,1,1,2,2,2,1,1,1,1,0,0,0,1,0,1,0,0,0,0,0,0,0,0,0,0,0,0,0,0,0,0,0,0,1,1,1,3,2,1,0,0,0,1,1,1,1,1,1,1,1,5,0,0,0,0,0,0,0,0,0,0,0,0,0,0,0,0,3,3,0,0,0,0,0,0,0,0,0,0,0,0,0,0,0,0,0,0,0,0,0,0,0,0,0,0,0,0,0,0,0,0,2,0,0,0,0,0,1,0,0,1,0,0,2,0,0,0,0,0,0,0,0,0,0,0,0,3,0,0,0,0,1,0,0,0,0,0,0,1,1,1,"I have never lived in the United States,I have lived in the United States my whole life",Male,25-34,White
5/2/21 15:53,5/2/21 16:02,IP Address,108.5.167.74,100,503,TRUE,5/2/21 16:02,R_2Bm1i34HTSdrYkV,,,,,40.74240112,-74.03250122,anonymous,EN,4,0,0,0,Chrome,90.0.4430.85,Macintosh,1440x900,,4,4,1,1,2,1,0,2,2,1,0,0,0,0,4,3,3,5,0,0,0,0,0,0,2,2,2,0,0,0,3,3,3,0,0,0,0,0,0,0,0,0,0,0,0,3,3,4,4,4,3,2,2,2,2,1,0,0,0,0,0,0,5,1,0,0,1,1,1,0,0,0,0,0,0,0,0,0,0,0,0,0,0,0,1,0,0,4,4,2,1,0,0,0,0,1,1,1,4,1,1,0,2,1,2,1,1,1,0,1,0,0,0,0,1,1,1,3,2,1,1,1,1,1,1,4,0,0,0,1,1,1,1,1,1,2,2,2,6,5,1,0,0,4,1,0,0,0,0,0,4,4,4,I have lived in the United States my whole life,Female,25-34,Asian
5/2/21 16:22,5/2/21 16:33,IP Address,108.45.79.34,100,645,TRUE,5/2/21 16:33,R_1kFWwAgtxCPkpig,,,,,38.84759521,-77.32810211,anonymous,EN,3,0,1,2,Safari iPhone,14.0.3,iPhone,375x812,,6,5,2,3,3,4,3,4,3,3,2,3,2,2,3,3,4,6,4,4,5,3,3,3,2,4,3,3,2,2,5,5,5,2,2,2,3,3,3,2,2,2,2,3,3,5,5,5,5,5,4,4,4,4,3,3,3,3,3,2,2,2,5,4,4,4,4,4,3,4,4,3,3,2,2,3,3,3,4,4,2,3,3,3,2,2,2,5,5,3,3,2,4,4,4,3,2,2,5,3,3,2,4,4,5,4,2,2,3,4,2,4,5,4,4,2,2,6,5,5,4,4,3,4,3,4,3,4,3,4,3,3,2,2,2,2,2,2,6,6,4,4,4,6,5,5,3,4,4,3,5,6,6,0-3 years,Prefer not to say,18-24,Prefer not to say
5/2/21 20:49,5/2/21 20:56,IP Address,98.116.99.30,100,420,TRUE,5/2/21 20:56,R_1gC1F1DquZb8k1M,,,,,40.70329285,-74.00389862,anonymous,EN,4,0,4,2,Chrome,90.0.4430.93,Macintosh,1440x900,I understand. Let's start the experiment!,3,5,0,1,4,0,0,2,1,0,0,1,1,1,5,5,6,6,2,3,3,3,4,4,3,5,2,2,2,3,5,4,4,0,0,4,2,0,0,3,2,3,0,0,0,2,3,5,5,5,0,0,1,1,2,1,0,0,0,0,0,0,5,0,0,0,2,4,3,3,3,3,4,2,2,1,1,3,3,3,3,0,0,1,3,1,3,5,5,3,3,1,3,4,3,3,2,1,5,3,4,3,5,5,4,5,2,1,1,3,2,5,5,5,1,0,0,5,4,3,3,5,3,3,1,5,4,4,5,4,1,0,2,2,4,4,1,0,6,5,5,1,0,4,4,2,0,5,1,0,5,6,5,3-6 years,Female,25-34,White
5/2/21 23:35,5/2/21 23:45,IP Address,223.184.55.243,100,595,TRUE,5/2/21 23:45,R_22DpcEptHEw4PpZ,,,,,12.89959717,80.22088623,anonymous,EN,3,0,0,0,Safari iPhone,14.0.1,iPhone,414x896,,5,5,0,0,3,1,1,1,1,2,2,5,3,1,5,5,4,6,1,2,1,1,1,1,3,4,4,1,1,2,4,5,4,0,1,1,2,1,2,4,4,3,1,0,3,4,5,5,6,5,2,2,1,4,4,2,2,2,2,0,1,0,5,1,1,0,4,5,2,1,1,1,0,1,0,0,1,2,2,2,2,1,3,2,2,1,0,6,5,2,1,0,3,3,4,1,2,1,5,2,2,1,4,3,5,2,1,2,1,1,1,4,5,3,2,1,0,6,5,1,2,2,2,4,2,5,2,2,4,0,1,2,0,1,0,1,2,2,6,5,0,1,2,4,1,0,0,1,0,0,5,5,5,I have never lived in the United States,Female,18-24,Asian
5/3/21 20:13,5/3/21 20:19,IP Address,98.7.219.8,100,368,TRUE,5/3/21 20:19,R_1i57UUbhdqJZcy8,,,,,40.76829529,-73.98020172,anonymous,EN,4,2,1,2,Chrome,90.0.4430.93,Windows NT 10.0,1536x864,I understand. Let's start the experiment!,4,5,2,1,1,1,2,1,2,4,2,1,1,1,4,6,5,6,1,1,1,1,1,1,3,2,2,1,1,1,4,5,4,1,1,1,1,1,1,2,2,2,1,1,1,4,5,4,6,5,4,4,4,1,1,1,4,4,4,1,1,1,5,4,4,4,2,2,2,4,4,4,1,1,1,4,4,4,2,3,2,4,4,4,1,1,1,5,5,2,2,2,4,4,4,1,1,1,5,2,2,2,4,4,4,1,1,1,2,2,2,4,4,4,1,1,1,5,5,2,2,2,1,1,1,4,2,2,2,3,3,3,2,2,2,4,4,4,5,5,1,1,1,5,1,1,1,1,1,1,5,5,5,3-6 years,Female,18-24,Asian
5/3/21 20:31,5/3/21 20:37,IP Address,67.247.100.103,100,306,TRUE,5/3/21 20:37,R_8jHKi1y3wEwOF7H,,,,,40.75469971,-73.96140289,anonymous,EN,2,0,0,0,Safari iPhone,Unknown,iPhone,375x812,I understand. Let's start the experiment!,3,3,0,0,1,0,0,0,0,0,0,0,0,0,4,4,3,5,0,0,0,0,0,0,1,2,1,0,0,0,2,2,2,0,0,0,0,0,0,1,1,1,0,0,0,3,3,3,5,5,1,1,1,1,2,1,0,0,0,0,0,0,4,1,1,1,2,2,2,0,0,0,0,0,0,0,0,0,0,3,3,1,0,0,2,0,0,4,5,0,0,0,4,3,2,0,0,0,4,0,0,0,5,4,3,1,1,2,2,0,0,4,4,3,0,0,0,5,5,1,1,1,2,2,2,5,1,1,1,0,0,1,2,1,2,4,4,4,6,6,0,0,0,6,0,0,0,0,0,0,6,6,6,6+ years but not my whole life,Female,18-24,Asian
5/3/21 22:57,5/3/21 23:06,IP Address,180.160.67.138,100,539,TRUE,5/3/21 23:06,R_26m2wCFEeG4txGo,,,,,31.05490112,121.3493042,anonymous,EN,2,0,0,0,Chrome,77.0.3865.120,Android 9,393x851,,1,1,0,0,1,0,0,0,0,0,0,0,0,0,1,0,0,4,0,0,0,0,0,0,0,0,0,0,0,0,0,0,0,0,0,0,0,0,0,0,0,0,0,0,0,0,0,0,3,2,0,0,0,0,0,0,0,0,0,0,0,0,5,0,0,0,0,0,0,0,0,0,0,0,0,0,0,0,0,0,0,0,0,1,0,0,0,3,3,0,0,0,0,0,0,0,0,0,2,0,0,0,0,0,0,0,0,0,0,0,0,0,0,0,0,0,0,4,3,0,0,0,0,0,0,3,0,0,0,0,0,0,0,0,0,0,0,0,3,2,0,0,0,2,0,0,0,0,0,0,2,0,0,I have never lived in the United States,Male,18-24,Asian
5/3/21 23:01,5/3/21 23:12,IP Address,85.144.223.58,100,652,TRUE,5/3/21 23:12,R_24k5gl8Pks95UTF,,,,,52.34289551,4.896606445,anonymous,EN,4,0,3,2,Safari iPhone,14.0.3,iPhone,414x896,I understand. Let's start the experiment!,3,4,1,1,4,1,1,3,2,1,2,3,3,1,4,3,4,5,2,4,5,4,5,5,4,5,4,4,4,2,5,5,5,2,2,2,3,1,3,2,2,1,3,1,1,1,3,4,5,3,4,4,3,5,5,4,4,3,2,2,4,3,3,4,4,4,5,5,5,5,5,3,4,5,4,2,2,5,3,4,4,4,5,4,5,4,4,5,4,5,5,3,5,3,3,2,4,3,4,3,4,3,3,2,4,3,3,3,1,4,4,4,5,4,4,2,2,5,4,5,2,2,4,5,4,3,4,3,3,3,4,4,1,3,2,3,3,2,4,4,2,3,4,3,4,3,2,3,4,3,4,3,4,I have never lived in the United States,Female,18-24,White
5/4/21 7:54,5/4/21 8:56,IP Address,73.162.133.70,100,3712,TRUE,5/4/21 8:56,R_sM6bJ1Ojj0Y0k8N,,,,,37.80430603,-122.2155991,anonymous,EN,5,0,0,1,Safari iPhone,14.1,iPhone,375x812,,5,5,1,2,4,3,0,2,3,2,1,4,1,3,4,3,4,4,4,4,5,3,5,5,4,5,3,2,4,2,4,3,2,2,2,3,4,2,4,1,2,2,4,2,2,4,3,3,6,4,2,1,4,5,4,3,3,2,3,4,5,4,4,3,4,3,5,4,4,3,2,3,4,5,3,4,3,3,4,3,3,4,2,3,5,4,3,4,4,4,5,3,4,3,3,5,5,4,3,2,4,3,2,3,2,4,4,3,3,5,3,3,4,2,4,3,1,4,4,4,3,2,1,4,3,4,2,3,2,4,3,2,1,4,2,3,2,1,3,2,3,4,4,3,3,2,1,3,4,4,5,3,4,I have lived in the United States my whole life,Female,25-34,Asian
5/4/21 10:36,5/4/21 10:47,IP Address,24.6.187.134,100,669,TRUE,5/4/21 10:47,R_ugDFvAGrXf0YzyF,,,,,37.61959839,-122.4815979,anonymous,EN,3,1,2,1,Safari iPhone,14.0.3,iPhone,375x812,,3,1,1,1,2,1,2,1,2,1,1,2,2,1,4,4,5,6,2,2,2,1,1,1,1,2,3,1,1,2,4,4,3,3,3,3,2,2,2,2,2,2,1,1,1,4,4,4,6,6,1,3,3,3,2,2,1,1,2,2,2,1,6,2,3,3,2,2,1,1,1,2,1,2,1,1,1,2,1,2,1,2,1,1,2,2,1,5,5,2,2,2,2,1,2,2,2,2,4,2,2,1,1,1,2,2,2,1,2,2,1,2,1,2,1,2,1,6,6,2,1,2,2,2,1,4,2,2,1,1,1,1,1,1,1,1,2,1,5,5,1,2,1,5,3,2,1,2,2,1,5,5,5,6+ years but not my whole life,Female,25-34,Asian
5/4/21 8:08,5/4/21 11:12,IP Address,67.183.33.82,100,11021,TRUE,5/4/21 11:12,R_eWGCTUkTNKgggnv,,,,,47.67329407,-122.3426056,anonymous,EN,6,3,5,0,Chrome,90.0.4430.93,Windows NT 10.0,2560x1440,,4,3,0,2,5,1,0,3,1,3,2,2,4,2,5,1,3,5,3,5,4,1,2,0,3,4,1,4,3,4,5,1,3,2,3,1,4,0,3,2,1,0,4,0,1,2,6,5,2,1,6,4,2,4,2,1,5,1,2,0,4,2,1,2,6,4,2,2,3,5,5,2,0,1,1,0,3,5,1,3,5,2,5,4,4,1,1,2,3,5,3,0,6,1,2,1,5,3,4,2,5,4,2,4,6,1,1,4,0,2,6,0,6,4,3,0,0,5,1,6,0,0,0,6,5,0,2,1,6,1,0,2,0,6,5,4,0,0,4,1,0,6,5,1,5,0,0,2,3,3,0,0,5,6+ years but not my whole life,Male,25-34,Asian
5/4/21 16:06,5/4/21 16:26,IP Address,128.54.63.162,100,1233,TRUE,5/4/21 16:26,R_2sY03G6UUKbFYVY,,,,,32.71040344,-117.0527954,anonymous,EN,3,0,2,1,Chrome iPhone,87.0.4280.163,iPhone,375x812,,4,2,1,2,4,2,2,3,3,3,2,3,3,2,4,2,3,4,3,5,4,4,3,3,4,5,3,3,4,3,3,3,3,2,2,2,4,2,3,2,2,2,3,2,2,2,3,3,5,3,3,3,2,3,4,3,3,3,3,3,2,2,4,3,2,2,4,4,3,2,2,3,2,3,2,2,2,4,2,4,3,3,2,2,3,2,2,5,3,2,3,2,3,3,3,3,4,4,3,2,3,3,3,3,3,3,4,4,2,2,2,3,4,4,4,3,3,5,4,4,3,3,3,3,3,3,3,3,3,3,4,3,2,2,1,2,2,2,4,4,2,3,3,4,3,2,2,2,3,2,3,2,3,I have lived in the United States my whole life,Male,25-34,Asian
5/4/21 16:30,5/4/21 16:39,IP Address,99.106.101.72,100,509,TRUE,5/4/21 16:39,R_3qm2DOiYcmyCkVz,,,,,33.99519348,-117.5218964,anonymous,EN,1,1,1,0,Safari iPhone,14.0.3,iPhone,375x812,,4,3,1,1,2,3,3,3,1,2,2,3,3,3,4,4,4,4,3,3,2,2,3,3,2,4,1,4,4,4,4,2,3,1,2,2,4,2,4,2,4,4,4,3,2,3,3,4,5,5,3,3,3,4,4,3,4,4,4,3,4,4,5,4,4,5,4,4,4,4,2,4,5,5,3,3,4,4,4,4,4,3,4,4,5,5,4,4,5,1,1,1,2,3,3,4,4,4,4,4,4,4,4,4,4,3,4,2,3,4,4,4,4,4,4,4,4,4,5,5,5,4,5,5,5,5,4,4,5,4,5,5,4,4,4,5,4,5,4,4,5,5,4,3,5,4,3,4,3,4,5,2,4,I have lived in the United States my whole life,Female,25-34,White
5/4/21 18:05,5/4/21 18:15,IP Address,67.168.131.86,100,615,TRUE,5/4/21 18:15,R_3nruqFEZKiomQL1,,,,,47.63560486,-122.3605042,anonymous,EN,5,2,4,3,Chrome,90.0.4430.93,Macintosh,2560x1080,,5,4,1,2,2,1,1,1,1,1,2,1,2,1,5,5,5,6,2,4,1,1,1,1,3,3,2,1,1,1,5,5,5,3,2,3,1,1,1,3,3,3,1,1,1,5,5,5,6,6,1,1,1,2,2,2,3,3,2,2,2,2,6,1,1,1,2,2,2,3,3,2,2,2,2,1,1,1,3,3,2,1,1,1,3,3,3,5,5,1,1,0,1,1,0,0,3,3,4,1,1,1,4,4,1,1,4,4,0,0,1,2,3,1,1,1,1,6,4,1,0,1,0,0,0,3,1,0,1,0,1,1,0,1,0,2,1,1,5,3,0,1,1,4,1,0,0,0,1,1,6,6,6,6+ years but not my whole life,Female,25-34,Asian
5/4/21 18:16,5/4/21 18:30,IP Address,66.75.43.255,100,853,TRUE,5/4/21 18:30,R_8jJQ3yZLSSDXWQp,,,,,32.79670715,-117.1367035,anonymous,EN,1,0,0,3,Safari iPhone,14.0.3,iPhone,375x812,,3,3,0,1,1,2,0,1,2,0,0,3,1,0,4,5,4,4,1,0,2,2,1,1,0,0,0,1,1,1,4,3,3,1,1,1,2,0,2,2,3,0,0,0,0,1,1,4,4,4,3,3,2,0,0,0,1,2,2,1,2,0,5,2,2,0,2,1,0,1,1,1,3,2,0,0,1,3,2,3,0,1,3,1,1,2,3,1,4,3,2,0,2,2,2,2,3,2,2,1,1,0,1,1,4,3,3,0,0,0,0,1,2,3,2,1,2,4,5,1,0,0,0,1,2,5,3,2,3,4,3,3,1,2,0,2,3,3,5,4,1,1,1,4,2,2,1,2,2,2,1,2,2,I have lived in the United States my whole life,Female,25-34,Asian
5/4/21 21:52,5/4/21 21:58,IP Address,74.73.243.131,100,374,TRUE,5/4/21 21:58,R_2uqBpvuOSsUf8tq,,,,,40.70089722,-73.94609833,anonymous,EN,5,0,2,0,Safari iPhone,14.0.3,iPhone,390x844,,4,1,0,1,3,0,0,2,0,0,1,0,2,0,3,0,0,4,2,3,0,2,2,0,3,3,0,2,0,0,3,3,4,1,1,0,2,3,0,2,3,1,0,0,1,0,2,3,5,4,2,3,1,2,4,1,2,1,3,1,3,2,4,1,2,0,4,4,1,3,1,1,0,3,3,0,0,2,3,0,3,1,3,1,2,0,0,5,4,3,1,0,4,3,3,1,3,3,4,1,0,0,3,4,4,0,0,2,1,3,3,2,4,2,3,1,2,5,4,3,2,3,1,3,3,4,2,1,3,0,0,0,1,2,1,2,0,0,3,4,0,0,0,3,1,1,1,1,1,1,3,4,5,I have lived in the United States my whole life,Male,25-34,White
5/4/21 22:46,5/4/21 23:34,IP Address,216.165.95.175,100,2867,TRUE,5/4/21 23:34,R_25uyDKgyLacEKpL,,,,,40.73590088,-73.99040222,anonymous,EN,4,0,3,0,Chrome,90.0.4430.72,Windows NT 10.0,1536x864,,3,0,0,1,3,0,0,2,0,0,0,0,2,0,4,3,3,5,0,2,0,2,3,1,2,3,1,1,0,1,4,1,1,0,0,0,0,1,0,1,3,2,1,1,1,0,1,2,5,4,3,3,3,3,2,1,5,4,4,1,1,2,5,4,4,3,1,2,1,3,1,3,0,2,2,0,0,2,0,0,2,0,1,0,2,0,0,4,3,3,3,1,4,1,4,1,2,2,3,2,1,0,1,0,1,0,2,1,1,2,2,1,2,1,1,0,0,4,3,3,2,3,0,1,1,0,1,0,1,0,1,1,0,2,0,3,1,1,0,0,1,2,2,0,0,1,0,0,1,1,0,0,1,3-6 years,Male,35-44,White
5/5/21 6:28,5/5/21 6:37,IP Address,24.104.245.151,100,557,TRUE,5/5/21 6:37,R_3nVJme5oEgoiurs,,,,,40.85270691,-73.93830109,anonymous,EN,4,1,3,1,Chrome,90.0.4430.93,Macintosh,1440x900,I understand. Let's start the experiment!,4,2,2,1,3,1,1,4,0,3,3,1,2,2,4,2,2,3,1,2,1,2,3,2,0,1,1,2,1,1,2,2,2,1,1,0,1,1,2,2,1,1,2,1,2,2,3,4,3,2,3,2,1,2,1,1,3,2,2,1,2,1,3,1,2,1,1,2,1,2,1,1,1,2,2,0,2,3,1,2,3,1,2,2,3,1,1,4,3,2,2,1,3,2,3,1,3,2,4,3,4,4,2,3,4,1,2,2,1,2,3,1,2,2,1,2,1,3,2,3,2,2,1,3,2,3,2,2,3,1,3,2,1,2,3,1,2,1,5,4,1,2,3,4,2,1,1,1,2,2,3,2,4,0-3 years,Female,25-34,White
5/5/21 8:04,5/5/21 8:11,IP Address,107.77.225.68,100,452,TRUE,5/5/21 8:11,R_1XPzgK6Pa4a0XyF,,,,,40.82049561,-73.91829681,anonymous,EN,0,0,0,0,Chrome iPhone,87.0.4280.77,iPhone,375x812,,0,0,0,0,0,0,0,0,0,0,0,0,0,0,2,2,3,6,0,0,0,0,0,0,0,0,0,0,0,0,2,2,2,0,0,0,0,0,0,0,0,0,0,0,0,2,2,2,6,6,0,0,0,0,0,0,0,0,0,0,0,0,6,0,0,0,0,0,0,0,0,0,0,0,0,0,0,0,0,0,0,0,0,0,0,0,0,6,6,0,0,0,0,0,0,0,0,0,5,0,0,0,0,0,0,0,0,0,0,0,0,0,0,0,0,0,0,6,6,0,0,0,0,0,0,6,0,0,0,0,0,0,0,0,0,1,0,0,6,6,0,0,0,6,0,0,0,0,0,0,4,4,4,0-3 years,Male,25-34,Asian
5/5/21 10:55,5/5/21 11:05,IP Address,76.103.155.198,100,579,TRUE,5/5/21 11:05,R_VXuKnVucJstfp85,,,,,37.83709717,-122.277298,anonymous,EN,4,1,1,1,Safari iPhone,14.0.3,iPhone,375x812,,4,6,1,2,3,3,1,3,1,1,1,3,1,1,4,5,6,6,2,2,3,3,1,3,4,4,2,1,3,3,5,5,4,1,1,3,3,2,3,2,2,2,3,2,1,2,2,4,5,3,2,4,4,5,4,3,2,3,2,4,4,2,5,3,5,5,2,4,4,3,5,4,4,5,3,3,2,5,4,4,2,2,4,5,4,3,2,3,4,3,4,2,4,3,2,3,3,2,5,4,4,4,3,4,2,3,3,2,3,4,4,2,4,3,3,2,3,5,5,3,4,2,3,3,2,4,3,3,2,1,1,1,1,2,1,1,1,1,5,4,2,4,1,6,3,3,1,3,2,1,5,3,3,I have lived in the United States my whole life,Female,25-34,Other
5/5/21 11:52,5/5/21 12:12,IP Address,70.19.78.33,100,1210,TRUE,5/5/21 12:12,R_3MzEdZOrmgULXD3,,,,,40.67399597,-73.9701004,anonymous,EN,4,0,2,0,Chrome,90.0.4430.85,Macintosh,1440x900,,3,4,0,2,1,1,1,2,1,2,0,2,1,2,3,4,5,6,2,1,2,2,1,1,2,3,2,1,1,1,5,4,5,2,2,3,2,1,0,2,3,2,1,0,1,3,4,3,4,4,3,3,2,2,3,1,2,3,2,1,1,0,4,2,2,1,2,3,2,1,1,2,2,3,2,2,3,2,2,3,1,1,1,2,3,2,3,5,5,2,2,1,2,2,3,3,4,2,2,3,2,1,1,1,2,2,2,3,2,1,1,2,3,2,3,4,3,5,4,1,0,2,2,3,2,4,2,1,1,4,3,2,1,0,1,2,3,2,5,4,2,3,3,4,2,1,0,2,2,1,3,5,4,I have lived in the United States my whole life,Female,25-34,White
5/5/21 13:01,5/5/21 13:10,IP Address,106.208.139.193,100,516,TRUE,5/5/21 13:10,R_2dnXOvAS0TP8i6N,,,,,12.89959717,80.22088623,anonymous,EN,2,0 (not similar at all),3,0 (not similar at all),Safari iPhone,10,iPhone,320x568,,4,4,1,3,3,3,3,1,3,2,1,4,3,3,5,5,5,5,3,2,3,4,3,4,3,4,3,3,4,3,5,5,4,2,3,2,3,3,4,4,4,4,4,3,3,2,5,5,5,4,5,5,5,5,5,4,4,4,4,4,4,2,4,4,4,4,3,3,3,4,3,2,3,3,4,3,2,2,3,2,4,4,4,4,3,4,4,3,3,3,4,2,3,3,4,4,5,3,2,4,3,4,4,4,4,5,4,2,5,5,5,3,3,4,4,5,2,5,5,5,5,5,2,5,2,4,5,5,5,5,5,2,5,5,5,5,5,2,5,4,4,3,2,4,4,5,1,4,4,2,3,2,3,I have never lived in the United States,Male,25-34,Asian
5/5/21 12:06,5/5/21 13:14,IP Address,174.193.158.251,100,4110,TRUE,5/5/21 13:14,R_zdRMhgibWT5VkuR,,,,,34.06140137,-118.3072052,anonymous,EN,3,0 (not similar at all),0 (not similar at all),0 (not similar at all),Chrome,90.0.4430.91,Android 11,412x732,,4,4,0,0,1,2,2,0,0,0,1,0,0,0,4,4,4,6,1,2,2,2,1,1,1,2,1,0,0,1,3,3,3,2,2,1,2,2,1,1,2,2,0,0,1,3,4,3,6,6,2,2,2,2,2,1,2,3,2,1,1,1,6,3,3,3,2,2,1,2,2,3,1,1,1,2,3,2,2,3,2,1,1,3,1,1,1,5,5,3,2,2,3,3,3,2,1,1,4,2,2,2,3,3,4,2,1,1,1,1,1,4,4,4,2,1,1,5,4,3,2,2,1,1,1,4,2,2,2,1,1,1,1,1,1,1,1,1,6,5,1,1,1,5,2,2,1,1,2,1,4,4,4,I have lived in the United States my whole life,Male,25-34,White
5/5/21 14:00,5/5/21 14:16,IP Address,98.7.201.61,100,959,TRUE,5/5/21 14:16,R_1qenaeRvdBtv9nK,,,,,40.76829529,-73.98020172,anonymous,EN,3,0 (not similar at all),1,0 (not similar at all),Chrome,90.0.4430.91,Android 11,393x851,,3,4,1,1,3,1,1,1,0,2,1,2,1,1,5,5,5,6,2,2,1,1,2,2,1,2,2,1,1,1,3,3,4,1,1,1,2,2,3,2,3,1,2,1,2,2,4,4,6,6,3,2,3,4,3,5,2,3,4,2,2,1,6,3,2,3,4,2,3,3,4,2,4,4,3,3,4,5,5,6,4,3,4,3,5,3,3,5,6,4,3,3,4,4,4,3,4,3,5,3,4,4,3,3,5,3,3,3,4,4,5,4,4,3,5,2,2,6,6,3,5,3,4,5,4,5,3,4,3,4,2,3,3,4,3,4,2,2,5,6,3,3,4,4,4,2,2,2,2,2,6,5,6,0-3 years,Female,18-24,Asian
5/5/21 19:39,5/5/21 19:47,IP Address,67.169.0.98,100,497,TRUE,5/5/21 19:47,R_28M3QsZ50bcxDTm,,,,,37.4967041,-122.2664948,anonymous,EN,4,0 (not similar at all),2,2,Safari iPhone,14.0.3,iPhone,375x812,,5,5,1,1,3,1,1,2,2,2,2,1,1,2,4,5,5,6,3,3,3,3,3,2,5,5,5,2,2,2,4,5,3,1,1,2,1,1,1,3,3,3,1,1,1,4,5,4,6,6,2,2,2,5,4,4,2,2,2,1,1,1,6,4,1,1,2,2,2,1,1,1,2,2,2,1,1,1,3,4,2,1,1,1,2,2,1,6,6,2,2,2,4,4,2,1,1,1,5,2,2,2,2,2,2,1,1,1,1,1,1,2,2,2,1,1,0,6,6,2,2,2,1,1,0,6,2,2,1,1,1,0,1,1,1,3,3,1,6,6,0,0,0,5,2,1,0,0,0,0,6,6,6,6+ years but not my whole life,Male,25-34,Asian
5/5/21 21:12,5/5/21 21:27,IP Address,67.245.12.125,100,872,TRUE,5/5/21 21:27,R_3KMEUotGSvGf1lb,,,,,40.66430664,-73.9763031,anonymous,EN,4,0 (not similar at all),1,4,Safari iPhone,14.0.3,iPhone,375x667,,4,4,2,2,2,3,1,3,2,1,2,3,2,2,4,3,3,6,2,2,1,1,2,1,1,1,2,2,3,2,3,3,3,1,1,1,1,1,1,2,2,2,2,1,1,3,3,2,6,6,2,2,2,2,1,1,1,2,1,1,1,1,6,2,2,1,2,2,2,1,2,2,1,0,0,2,2,3,1,2,2,1,2,2,1,1,0,5,5,2,2,2,3,3,3,1,0,1,3,1,1,1,1,1,2,1,0,0,1,1,1,3,3,3,0,0,0,5,6,2,2,2,0,0,0,5,2,2,1,0,0,0,1,1,1,0,0,0,6,6,0,0,0,6,0,0,0,0,0,0,6,6,5,I have lived in the United States my whole life,Female,35-44,White
5/6/21 6:48,5/6/21 6:55,IP Address,18.31.9.210,100,376,TRUE,5/6/21 6:55,R_Asui2WhbzSB0Y2R,,,,,42.36489868,-71.09870148,anonymous,EN,5,3,4,2,Safari,14.0.3,Macintosh,1680x1050,,2,0,0,0,0,1,0,1,0,0,1,0,0,0,5,5,5,6,0,0,0,0,0,0,2,0,0,0,0,0,6,3,4,0,0,0,0,0,0,3,4,4,2,2,1,5,6,5,1,1,1,0,0,6,6,6,3,3,3,0,0,0,6,1,0,0,1,1,3,5,5,5,0,0,0,0,0,0,2,2,2,4,4,3,0,0,0,5,5,2,1,1,4,4,4,0,5,4,4,2,2,1,4,4,4,5,5,5,3,3,4,2,2,3,4,4,4,5,4,2,2,5,5,5,4,5,5,4,4,2,2,2,1,1,1,5,5,5,6,6,0,5,5,5,1,1,1,3,3,4,5,6,6,0-3 years,Male,25-34,Asian
5/6/21 9:44,5/6/21 9:50,IP Address,76.191.31.18,100,372,TRUE,5/6/21 9:50,R_3nGc1CCJUYYvQ1D,,,,,40.10470581,-88.20619965,anonymous,EN,4,1,3,3,Chrome,90.0.4430.91,Android 11,412x732,,5,4,1,1,4,1,2,4,3,2,1,4,3,3,6,6,6,6,2,4,2,3,3,2,2,2,1,2,2,1,5,5,4,2,2,2,3,2,2,1,1,2,2,1,1,4,5,4,6,5,3,4,3,3,3,2,2,2,2,3,3,2,6,3,4,2,3,2,2,2,2,2,3,3,3,3,2,3,3,3,3,3,3,3,3,3,3,3,3,3,2,2,2,3,3,3,3,3,3,3,3,3,3,3,3,3,3,3,3,3,3,3,3,3,3,3,3,3,3,2,3,3,3,3,3,3,3,3,3,3,3,3,3,3,3,3,3,3,3,3,3,3,3,3,3,3,3,3,3,3,3,3,3,3-6 years,Male,25-34,"Asian,White"
5/6/21 9:52,5/6/21 9:57,IP Address,100.35.223.44,100,248,TRUE,5/6/21 9:57,R_1prQJKeub3rsd1O,,,,,40.71820068,-74.04759979,anonymous,EN,4,3,4,4,Safari iPhone,Unknown,iPhone,414x896,,4,4,4,4,5,5,4,4,3,3,3,3,3,4,3,3,3,4,3,4,3,2,2,2,3,2,3,3,3,3,4,4,4,2,3,3,2,2,2,3,2,2,3,3,4,4,4,4,4,4,3,3,3,3,3,3,3,3,3,3,3,4,4,3,3,3,3,3,3,3,2,3,4,4,4,3,3,3,3,4,4,3,5,3,3,4,4,3,3,3,4,4,4,4,3,3,4,3,4,4,3,3,3,5,4,4,3,3,4,4,3,3,3,4,4,4,3,4,4,4,4,4,4,5,4,3,4,4,5,5,5,4,4,3,3,3,4,3,4,4,4,2,2,2,3,2,2,2,2,2,3,4,4,3-6 years,Male,18-24,Asian